date,U.S. Equities,Long Treasuries,TIPS / IL Bonds,Broad Commodities,Gold,DM ex-US Equities,EM Equities,EM Sovereign Bonds,EM FX,IG Credit,HY Credit,U.S. REITs
2000-02-29,-0.015226645857906895,,,,,,,,,,,
2000-03-31,0.0969143162297128,,,,,,,,,,,
2000-04-30,-0.03512056841513156,,,,,,,,,,,
2000-05-31,-0.015722500673161055,,,,,,,,,,,
2000-06-30,0.01968183991773076,,,,,,,,,,,
2000-07-31,-0.015702074217142536,,,,,,,,,,,
2000-08-31,0.0653403739536611,,,,,,,,,,,
2000-09-30,-0.05486190223032361,,,,,,,,,,,
2000-10-31,-0.004678137697910034,,,,,,,,,,,
2000-11-30,-0.0746531881911292,,,,,,,,,,,
2000-12-31,-0.005226450594964072,,,,,,,,,,,
2001-01-31,0.044459709624363075,,,,,,,,,,,
2001-02-28,-0.09538786175918645,,,,,,,,,,,
2001-03-31,-0.056036974300432085,,,,,,,,,,,
2001-04-30,0.0854401160047602,,,,,,,,,,,
2001-05-31,-0.005605553932895635,,,,,,,,,,,
2001-06-30,-0.023829236553359556,,,,,,,,,,,
2001-07-31,-0.010195931038465389,,,,,,,,,,,
2001-08-31,-0.05933244285902228,,,,,,,,,,,
2001-09-30,-0.08163069897928643,,,,,-0.09619869680798987,,,,,,
2001-10-31,0.013022039300107924,,,,,0.018241054502984078,,,,,,
2001-11-30,0.07797739000143133,,,,,0.03344381221422954,,,,,,
2001-12-31,0.005639314590522471,,,,,0.00609539093966216,,,,,,
2002-01-31,-0.009799352894214852,,,,,-0.057837228971852284,,,,,,
2002-02-28,-0.017936334502642537,,,,,0.012011033955530381,,,,,,
2002-03-31,0.03327120578895526,,,,,0.05582377723646159,,,,,,
2002-04-30,-0.05815545090853036,,,,,0.015237360447797776,,,,,,
2002-05-31,-0.005933303991736971,,,,,0.005330788307162271,,,,,,
2002-06-30,-0.07380810803166427,,,,,-0.03287631144633374,,,,,,
2002-07-31,-0.07881959070668298,,,,,-0.09531840242404765,,,,,,
2002-08-31,0.0068011832721242005,0.05513083826000886,,,,-0.009790129118845692,,,,0.03637719005578921,,
2002-09-30,-0.10485204820190897,0.042592183496153346,,,,-0.10357836228562811,,,,0.02091257902055088,,
2002-10-31,0.08228361913412274,-0.0369429628975072,,,,0.038340525974983386,,,,-0.006108415071666817,,
2002-11-30,0.0616809520424646,-0.009161745434190682,,,,0.05614563328435884,,,,0.007159480819331598,,
2002-12-31,-0.05656930362822388,0.045254662895453324,,,,-0.033483830442893714,,,,0.03927991944045184,,
2003-01-31,-0.02459510486366634,-0.005758323070805038,,,,-0.043026041359525924,,,,-0.00811502518097551,,
2003-02-28,-0.013479231382157786,0.030973616207765398,,,,-0.021108060374314563,,,,0.019799214017842903,,
2003-03-31,0.0021402859065773328,-0.013646791121576296,,,,-0.023180793649574483,,,,0.0012079938317239858,,
2003-04-30,0.08461153669398014,0.010483047916800992,,,,0.10165609485249427,,,,0.023577509509884242,,
2003-05-31,0.05483628592953749,0.0631958441242384,,,,0.06452218491575379,0.09122740399360563,,,0.03905314273053517,,
2003-06-30,0.010652096072669925,-0.018067765679601888,,,,0.01938801707765392,0.04197460671994935,,,-0.0018030216709085112,,
2003-07-31,0.018026725109020036,-0.09980821744027246,,,,0.015142116350866486,0.05671368671590149,,,-0.05806038041938544,,
2003-08-31,0.020625774302559075,0.013056242830977949,,,,0.03292386476723075,0.07987375753408688,,,0.014507568069912269,,
2003-09-30,-0.010906165515880417,0.0593441637297516,,,,0.030201670369436995,-0.0065047503513882,,,0.04537486223831122,,
2003-10-31,0.05352683139681269,-0.030313599936438562,,,,0.06495740636668668,0.09181199683566166,,,-0.01262938566314531,,
2003-11-30,0.010921389053609731,0.003394643848317447,,,,0.025280779555558963,0.018799184715383888,,,0.003070950064232747,,
2003-12-31,0.05031248062784588,0.013433966158767463,,,,0.08737542144267807,0.08984494497549789,,,0.025719972194718776,,
2004-01-31,0.01976989695258058,0.018607576036930418,0.012191190013045805,,,0.011258976373369034,0.02421790554728953,,,0.012208583011549035,,
2004-02-29,0.013571132692320909,0.022819352832752937,0.021466240583120078,,,0.022990166117412558,0.03954723124025916,,,0.015070885023832359,,
2004-03-31,-0.013245820451701862,0.014109772432612022,0.016641458692136624,,,0.0007065444573768342,0.005500117667599502,,,0.009891320927962521,,
2004-04-30,-0.01892146010996021,-0.062352107514262345,-0.04821825727570084,,,-0.033898103328452,-0.0980056642982422,,,-0.0388769073822014,,
2004-05-31,0.0171236102411223,-0.00258124569674667,0.02019495379580638,,,0.011403520105881082,0.011686648615082618,,,-0.005232883135603994,,
2004-06-30,0.018501099617335814,0.010534330222725208,-0.0014108017601132117,,,0.03353595135271048,0.009241221969356284,,,0.0012650371101845526,,
2004-07-31,-0.03221886510020244,0.0153160935401635,0.008097979416327172,,,-0.04265755897281698,-0.03637940192107114,,,0.015624669418022208,,
2004-08-31,0.0024362173010958887,0.041656111023108844,0.026917911278339313,,,0.011906116731948524,0.03531304517602041,,,0.030808903881006877,,
2004-09-30,0.010036867743397515,0.009495307407299425,0.000826212542750504,,,0.020717568804307085,0.06976741202612025,,,0.0031150705744749096,,
2004-10-31,0.012885310976700204,0.01764659518531797,0.010940899355114553,,,0.035007167740066514,0.02846387219528901,,,0.011829594589612968,,0.056716631288260766
2004-11-30,0.044517062275770014,-0.023957343606591297,-0.003251672547452955,,,0.06081350167974753,0.0994868485164635,,,-0.012199702997960138,,0.0395479094380391
2004-12-31,0.03012126202840948,0.02658724573850657,0.01758984432300026,,-0.029255313077842682,0.04806725107554932,0.04746006832363214,,,0.013910196058237956,,0.047553976089409256
2005-01-31,-0.02242079445289691,0.03568613707599444,9.428273631284512e-05,,-0.03607301470043178,-0.019032609171610426,-0.005300558733880023,,,0.012283796679055214,,-0.08558834262658754
2005-02-28,0.020903317232039864,-0.01472134203199571,-0.005281062110581103,,0.031027890116483547,0.03784980951913419,0.0968222093548019,,,-0.009362222495206796,,0.03171581082861419
2005-03-31,-0.018292686337862296,-0.004546057575269269,0.00218841975389239,,-0.0163105698227205,-0.02623377617657663,-0.07910279421541155,,,-0.012622793954645939,,-0.01707455209818698
2005-04-30,-0.018734879240009827,0.03865170535916462,0.017775692907147533,,0.012377365321675438,-0.016176629733061887,-0.012475255756126624,,,0.01621563621894473,,0.05769973877674861
2005-05-31,0.03222442688734817,0.03137551521333304,0.007597990732384208,,-0.03921561725675815,-0.008637589030249138,0.03160729507049198,,,0.006227652681678464,,0.03521201795348761
2005-06-30,0.0015150381459936302,0.02164796227412058,0.005173774481423754,,0.04297711969393059,0.014327373352333916,0.03968986092496096,,,0.012198161193479162,,0.04597421287548009
2005-07-31,0.03826158321003259,-0.0338085426553999,-0.024713269032114682,,-0.014272535715587953,0.029967794184227126,0.07681585888686593,,,-0.008264168132697258,,0.0713805178709297
2005-08-31,-0.009374912364087051,0.03476632361031551,0.025311512337727216,,0.01354511525428137,0.03836174091773037,0.013229976888487593,,,0.015030361334647413,,-0.0405470570890577
2005-09-30,0.00802634273776981,-0.03612986736319468,-0.0015461883181425717,,0.07603684610685524,0.03694427257969268,0.08653312987763107,,,-0.018609120388261347,,0.013366746306211041
2005-10-31,-0.023651525759095682,-0.022408561842142016,-0.01311916466869989,,-0.006423966427397287,-0.031841769197908376,-0.0633834064722385,,,-0.015817183938342194,,-0.028783956525370025
2005-11-30,0.043952821103036444,0.006902082969493684,0.0017632260884883344,,0.0581895874881877,0.023111483285950696,0.0578615824062263,,,0.006569202680250186,,0.04156031205307342
2005-12-31,-0.0019135438577090325,0.029817467800052455,0.01033665187369337,,0.0505092349084435,0.05182569575496898,0.06105906796187277,,,0.008609112353811899,,0.00024242145339425925
2006-01-31,0.024013311041746865,-0.01338408694841553,0.0002918126797128995,,0.09926325610950593,0.05771466497688893,0.1419829161126065,,,-0.004364086551333246,,0.07538615211982558
2006-02-28,0.005725980410640652,0.011079005825632482,0.0,,-0.011111129799614039,-0.006999416606278119,-0.03849977062629495,,,0.006825908837912342,,0.01857960181745577
2006-03-31,0.016504226445133385,-0.04569912739544968,-0.021390501512670967,0.027908973808501658,0.03620472249591011,0.04005136254516173,0.021672116134099362,,,-0.016834269090826304,,0.04715023373628835
2006-04-30,0.012631518077421244,-0.0275249350250808,-0.002347036600373942,0.07017543859649145,0.12030977706278279,0.04790493052833322,0.06515148602390464,,,-0.002021721864740811,,-0.0340107988422772
2006-05-31,-0.030120943966140623,-0.0019085682648938285,0.0029680421700752913,-0.0039032006245122153,-0.013212367941960346,-0.03821830419953354,-0.11142737421400839,,,-0.001900998736199977,,-0.026977762828216734
2006-06-30,0.0026081840396681155,0.01178323250144575,0.004276373458069305,-0.008620689655172487,-0.046707203143458,-0.0006112843632027909,0.0021344273085903698,,,-0.0008595912135611616,,0.04961027313544508
2006-07-31,0.004478546529920635,0.021633087258127404,0.015109278122239722,0.022134387351777862,0.03152050170839016,0.008105235399511246,0.02342941101506213,,,0.014590417751983109,,0.03891368011421115
2006-08-31,0.021822355162631757,0.030561536755770335,0.01662808979171193,-0.03325599381283795,-0.01377452397065515,0.025485327794443347,0.01581666569397533,,,0.022255517307958828,,0.03484369987071645
2006-09-30,0.027001387506635055,0.019149349759207457,0.0011087352551188978,-0.04200000000000048,-0.04527210873938614,0.002218862038892544,-0.008707115725430481,,,0.008724899402082764,,0.01965853171301002
2006-10-31,0.03151628543454188,0.008466968812407716,-0.0007350225234932228,0.01002087682672248,0.012947712156690105,0.03749081205285276,0.07057987185665837,,,0.010012710109712719,,0.06027776006673924
2006-11-30,0.019885942031487414,0.023081488915611237,0.01072360065476019,0.06572964034725115,0.0688910623431318,0.030729778020797127,0.05984519405854605,,,0.014613778865898208,,0.04781233173999411
2006-12-31,0.013371353657185558,-0.02695723656591864,-0.023039179026936862,-0.04654771140418923,-0.01832583190496928,0.03197213689878886,0.054598349760489384,,,-0.00896057740882561,,-0.01842579941414635
2007-01-31,0.015040075298837552,-0.009950971129028763,0.0023283832981970676,-0.02400325467860087,0.025628900016547274,0.013930560549172188,0.001138080121596552,,,0.0009372697287757248,,0.08779217848027532
2007-02-28,-0.019617551427208446,0.0338894916596062,0.019791246761112102,0.054189245518965645,0.025451202827030173,-0.0012120879685338926,-0.032370916197218436,,,0.020004559543728595,,-0.026981531392390123
2007-03-31,0.011589208291366226,-0.017003118304842135,0.00325736282874467,0.0034638196915774966,-0.011131249335096127,0.028995098757864657,0.05334554619721521,,,-0.006749523675638636,,-0.020748936800600193
2007-04-30,0.0442951337410209,0.009049830196795394,0.006644962001544075,0.00758148918731516,0.020535420109361935,0.03748354582977331,0.03725317804250694,,,0.00891569713626672,,-0.0012607378182033502
2007-05-31,0.033920399842650495,-0.02313771016108246,-0.013115347927094012,-0.0023464998044588903,-0.023103227112384106,0.023623185762686072,0.05064574125742394,,,-0.012307516436336985,0.0037310273327963994,-0.003785067798730668
2007-06-30,-0.014620542653747681,-0.01013468410782592,-0.0021468833973957713,0.007448059584476141,-0.01937754431980865,-0.003208688245315394,0.036783104653580256,,,-0.008100198345993848,-0.031524603553938935,-0.09007726424255313
2007-07-31,-0.031310258572479155,0.03319064017922502,0.023007867025726325,0.01906614785992189,0.023650293322754035,-0.02290462668545501,0.007141215291515346,,,-0.008241599214212747,-0.03880126809695206,-0.08259360001976912
2007-08-31,0.012832294508141828,0.017876710898634407,0.008220589180891302,-0.019091256204658125,0.011095846137414433,-0.006335620094844785,0.010409425546593187,,,0.023862375991108076,0.051939242834506905,0.0674450030560092
2007-09-30,0.03871448253252163,0.0022825150895726676,0.012804938940743638,0.09420007785130435,0.10508126647496852,0.05317502968083487,0.11571516450297237,,,0.0073333930904069256,0.029224773195131837,0.03917291241784948
2007-10-31,0.013566904217479747,0.01816092717269968,0.011662295789738097,0.08502312344361451,0.06951435807173012,0.042499386630986624,0.11870140874836688,,,0.00964717880502386,0.004788997791535854,0.020990485802478975
2007-11-30,-0.03873273920960307,0.05351194048896568,0.04117830865621297,-0.006229508196721412,-0.016535271004099683,-0.03623693733588662,-0.07649925749657294,,,0.010194571474950287,-0.011243246771504789,-0.09470949579826204
2007-12-31,-0.011260375864157068,-0.0062775310238903925,0.0006232985688470194,0.041240514681623264,0.06647697115798779,-0.029812513719907452,-0.014067128963649922,,,-0.008033257337864863,-0.0008250728906715743,-0.054129630023482256
2008-01-31,-0.06046159161375253,0.02095976929262844,0.03572919625775839,0.029150823827630123,0.10841623260567812,-0.07847188985750664,-0.08922096716236616,0.009471477417368757,,0.025657906067104497,-0.018268237859715097,-0.007809957502376785
2008-02-29,-0.025842025149550585,-0.0045520058888888215,0.014225769198660698,0.11145320197044306,0.052297578769114894,-0.01022905041013078,0.01994252071631686,-0.004064973648751691,,-0.007062194426694535,-0.018693770911814567,-0.031813866919558675
2008-03-31,-0.008942890899358624,0.021386831889353752,-0.0013992967619197438,-0.009141274238227415,-0.059991647169457596,0.00418998986262431,-0.037530134411011606,0.0009267821420666511,,-0.005972837389359498,0.009461127404106096,0.06485319829711278
2008-04-30,0.04766289315411565,-0.024862333028700667,-0.013996891360525732,0.06038579815487832,-0.0415883418198143,0.05438065664023117,0.09138213731066935,0.011621586430253128,,0.012446538771695659,0.033969494526158384,0.06379201330254203
2008-05-31,0.01511626524894627,-0.026882355367032096,0.0010691129010156342,0.06907461112575741,0.009232491728512926,0.011871918572943008,0.03163810202243167,0.0010419560989167742,,-0.02205086762715136,-0.005085343481812443,-0.00210946141761037
2008-06-30,-0.08357578962818635,0.026536198707583614,0.017894895311458825,0.10431565967940792,0.045168721732198325,-0.08786794789085262,-0.09269513704847077,-0.01980717344185645,,-0.01291773879434266,-0.03674718339618133,-0.1061537137615014
2008-07-31,-0.008985755422096897,-0.00367365017707455,-0.00609645696992267,-0.09781152300134,-0.014442009549096357,-0.03320237167355078,-0.055039675608048566,0.007876835689998751,,0.003902471029391563,0.005902706713249328,0.031153980537330428
2008-08-31,0.015453802826437046,0.02739254244122069,0.007808325387627324,-0.06534653465346552,-0.09291743535130004,-0.04247623425116542,-0.06315798387792937,0.007152124151950767,,0.001447150979861478,-0.008977000190535933,0.023738482022208185
2008-09-30,-0.09417354967417402,0.01475954217249642,-0.04021976939434002,-0.10248940677966101,0.04112104574714226,-0.11436201047141048,-0.1468165716684895,-0.07145025578752617,,-0.10730460320715973,-0.10655996908417753,-0.0012375746351288575
2008-10-31,-0.1651867361937841,-0.018607300247429515,-0.08089563171091174,-0.2508114488049574,-0.1613965370422935,-0.20834812853129414,-0.255779977314478,-0.1939378944554775,,-0.019410451355593383,-0.11449919228632244,-0.31726984167605166
2008-11-30,-0.069606506643616,0.14341475738775955,0.008768824199323788,-0.12367073651043714,0.12573593609702582,-0.06372002974765212,-0.0975225764558928,0.09568663346935624,,0.03353758886062197,-0.07095838968362123,-0.22717428950619833
2008-12-31,0.009796602757741635,0.1365226891599005,0.06503503149885148,-0.04764044943820234,0.07732535516442884,0.08868404459210555,0.10333544326819966,0.17703174555532164,,0.13814329419492877,0.16766262676958865,0.16710926922687785
2009-01-31,-0.08211460927367453,-0.13070754134997775,-0.00040322880711296527,-0.04436054742803197,0.05536293459751507,-0.13731608922279448,-0.09291163334592278,-0.06963079760806834,,-0.018002507238527254,-0.010130488407393168,-0.17530819719751278
2009-02-28,-0.10744933026852876,-0.015319196598565066,-0.021974898712359248,-0.056296296296295845,0.014456244990886491,-0.10387611117473838,-0.06269288739387124,-0.05606020807875456,,-0.05203895455969709,-0.09715755603162746,-0.2052564125648817
2009-03-31,0.08331105667765226,0.04047368033901999,0.0590596575609581,0.04657247514390428,-0.02536973490015304,0.08391011540238513,0.1686294337318348,0.051128678276482376,,0.004717475229859325,0.019074337714460654,0.03641389396568773
2009-04-30,0.09934604530480451,-0.06952090811509581,-0.017951289429837147,-0.001000000000000334,-0.03334074188003611,0.1151901226942238,0.15558230100963333,0.077223579135407,,0.027767215929717093,0.13845930673702678,0.30683740362289935
2009-05-31,0.058453583310063895,-0.03694982277771619,0.01996617766805353,0.16266266266266283,0.10232612179073808,0.13191798983987546,0.15939979244228208,0.028996873577562976,,0.023168655116140746,0.02855456925805555,0.026158283665344895
2009-06-30,-0.0006551226786428721,0.007510946950735731,0.001981490350173587,-0.02625914765389581,-0.052182918942994316,-0.014049121411606524,-0.022494970625245525,0.009590543201056345,,0.028914153554001176,0.03351717739741367,-0.031970181593304
2009-07-31,0.07460614643814933,0.00576033953016819,0.0008785357860108256,0.018567639257294655,0.023799058583926724,0.10041469779316525,0.11014651726622326,0.031065508686905607,0.02393478336781074,0.046326387669928026,0.06919041865201869,0.107707033612503
2009-08-31,0.036939406698165644,0.022308980462590222,0.00841412303222766,-0.04036458333333326,0.0005356513398520057,0.045030566228764446,-0.013136118117007989,0.02440566918577236,-0.008882532111326502,0.013100450016857224,-0.016969134178450584,0.14323175941734045
2009-09-30,0.03545757066209276,0.024582107069489156,0.020230363501093862,-0.0022614201718677007,0.05835114410284081,0.03796531767614897,0.10195401979698038,0.052123886739023906,0.025943456751564842,0.017589322000371332,0.057990575537528066,0.06592741116980205
2009-10-31,-0.019225721359107606,-0.026161104505595167,0.011445024822549943,0.0691296464188571,0.03722812708124801,-0.025237897335024462,-0.03443840395767539,-0.005327330984964074,-0.0032184695035067934,-0.004971407216778911,-0.005428818104702304,-0.04463210429298403
2009-11-30,0.06160684536957728,0.012128892165422123,0.027993739317985655,0.04557981768072894,0.12786502259277088,0.03921234425745368,0.07852023084631732,0.00795749551041669,0.021678710895080888,0.019524794003526358,0.016844044584303886,0.06565664488918155
2009-12-31,0.019100815360923562,-0.06345638732933745,-0.020892241787590637,-0.0016220600162207832,-0.07203391451937635,0.007096119535721757,0.0327588176950262,0.0023724639099322875,0.0013409978566063518,-0.020672549254484585,0.036847757250539015,0.07386778072005606
2010-01-31,-0.03634217273762641,0.02692154197265184,0.01530344484797741,-0.07839155158407785,-0.0125803606824606,-0.05065134745883704,-0.07759096056386283,-0.0054041509183746506,-0.01136358261556325,0.012481563201939716,-0.01832933390004532,-0.055208045128249394
2010-02-28,0.031194576091433168,-0.003424697610883265,-0.013031769944907068,0.041427941824591974,0.03274821867388611,0.0026678401800226403,0.01776369469075978,0.013294887607364192,0.0018390227066844567,0.005066989745670547,0.018733979468178008,0.05583159484628286
2010-03-31,0.06087950645013307,-0.0205737523727334,-5.772735009612617e-05,-0.00465509944985143,-0.004386396377546786,0.0638540934900873,0.08110882238626682,0.026092868461019547,0.020192671294375852,0.006518534859489167,0.021334442271019105,0.10186781906534526
2010-04-30,0.015470262963916515,0.033218640625549245,0.025150344443246375,0.03911564625850383,0.05883436293398403,-0.02804590450091149,-0.0016617214892071797,0.0050958431741350285,0.0049484671649968615,0.019078393661279724,0.019245723380107993,0.0715015648491859
2010-05-31,-0.07945475019726334,0.05108364034766577,0.0019171552518184587,-0.1014729950900164,0.030513146883171194,-0.11192791023946291,-0.09393587357698696,-0.018192483063056986,-0.0398389815481095,-0.01308303144228995,-0.04675564126127019,-0.053346183743751
2010-06-30,-0.051740565666479776,0.057977618690435495,0.012797761157277598,-0.017759562841529686,0.023553189068376224,-0.02061936911370965,-0.013986348292834738,0.02394081218988764,-0.008857785137422858,0.03278527298301537,0.011111689644702993,-0.05212246817757005
2010-07-31,0.06830044712997996,-0.00946222902105509,-0.0024286269098419133,0.06119610570236467,-0.05087115734616687,0.11610417144486118,0.1093246989510499,0.04052903505571104,0.03433681572429115,0.021107605096616133,0.05153221242654937,0.09593434617633045
2010-08-31,-0.04498028669346832,0.08390784225056636,0.01942036661038893,-0.030144167758846985,0.05706125282865293,-0.037950294477318236,-0.032367176006578124,0.025878849173879503,-0.006821205834246613,0.028553409634989535,-0.009894858603698098,-0.01275769951451311
2010-09-30,0.08955423728829737,-0.025203363816307722,0.007854891311408707,0.08603603603603616,0.047755584400488216,0.09971959966770427,0.11757376960112564,0.016103969020666797,0.04945043377826197,0.0045649812768280285,0.03657851442848803,0.044706793710689086
2010-10-31,0.03820190075290508,-0.044692131337768615,0.02474292853649529,0.04437992534218127,0.03682269814892791,0.03805541823406644,0.030154026086494534,0.019396506191117657,0.007853526411156775,-0.0026262386088591327,0.018371643369113455,0.04742728415447317
2010-11-30,2.220446049250313e-16,-0.01689274329462087,-0.01692688938075526,-0.004368546465449263,0.021112978094167678,-0.04823729294659851,-0.029054720167057013,-0.04421030144184479,-0.021212160575784234,-0.01615296984722181,-0.01274595125932243,-0.01851506800826752
2010-12-31,0.06685257391255672,-0.03699107618664044,-0.013877011547796192,0.098923015556442,0.024368653791005945,0.08308062452899212,0.07277783927642822,0.0037346481607818394,0.035615211780920086,-0.007521010137299,0.027928193941680002,0.04550664603068055
2011-01-31,0.023300103403036676,-0.03081260284278975,0.00018635567106239925,0.035571687840290744,-0.06379762129208255,0.020955024581606585,-0.03841306288016644,-0.010366258973676823,-0.015070883596912998,0.00036895061462338674,0.01650237701946322,0.03250899873359203
2011-02-28,0.034737449974629575,0.016502315900869702,0.007208492830639512,0.04171048019628465,0.05998312803425132,0.03549796743753375,-0.0004363409447083466,-0.0006196244639162796,0.007650902683749683,0.01080086741398989,0.014354852387996386,0.047052630221456004
2011-03-31,0.00012006672204423197,0.0002935871872080664,0.011901856676450606,0.026581426648720985,0.015981380863842487,-0.02388297980618781,0.0628959343373745,0.015523739273767045,0.021884560326633995,-0.005405907631295004,0.00042426212540891406,-0.01610643989185956
2011-04-30,0.02896151458530638,0.023390211058453403,0.02378069199156574,0.045558833169452306,0.08944654978008071,0.056258489191440386,0.027326672586858614,0.017063429032812882,0.03190570289944561,0.025044137927542565,0.01597555715204102,0.05746495094082338
2011-05-31,-0.0112142448822794,0.03422870471826789,0.0026592794697597455,-0.051724137931034475,-0.01791688531222546,-0.022061259356586538,-0.02939997318994414,0.014481743275229553,-0.018636191943356084,0.012695082022732729,0.0013319877447091066,0.01374703310382186
2011-06-30,-0.016870041965684646,-0.023230126806189744,0.0075490032372997895,-0.04264462809917324,-0.024325042799353547,-0.012107467926727122,-0.009354820724185031,0.006223470871879577,0.005179061930483453,-0.007972009831533788,-0.005704956421064833,-0.03299201735490753
2011-07-31,-0.020004469912881406,0.044145485409242013,0.03899522666591504,0.045580110497237314,0.0841780362063893,-0.023777840092279234,-0.010293934580456354,0.01973424192972595,0.0038643831948084184,0.024301824123366567,0.0035493914895450285,0.015640525605508104
2011-08-31,-0.05497561041948418,0.09667434220733573,0.006435969322451163,-0.00396301188903514,0.12274943937515848,-0.0875489102094098,-0.0925495444840887,0.005151038256148377,-0.020958184451050355,0.003403329256393084,-0.027282702750270338,-0.056193135981894904
2011-09-30,-0.06942101936564771,0.13206217351032623,-8.795492187863019e-05,-0.1462201591511939,-0.1106234724683266,-0.10808301783751784,-0.17894747353692886,-0.04790202233634522,-0.0965486213400345,0.0035115951313260396,-0.05301371588326731,-0.10841927279957442
2011-10-31,0.10914763497588043,-0.03829274432466123,0.0207047523003554,0.07650485436893173,0.058711874747795045,0.09627471512983266,0.16267826998142665,0.05153358002998254,0.051740886087252136,0.02509584394593478,0.08491672692166308,0.14291389037073632
2011-11-30,-0.004064107723684041,0.019890883032263273,0.005252912256408004,-0.0028860028860031584,0.016672693952307638,-0.021763915750797502,-0.01960306906139797,-0.012871264064356569,-0.029425328214200852,-0.031567025626094036,-0.024268572337050265,-0.03801188892781737
2011-12-31,0.010448604011010332,0.0344489105140684,0.0016399387641152785,-0.028943560057886786,-0.10662433944055605,-0.021749524995911096,-0.04264814375738346,0.019114984102311272,-0.016831038533094977,0.034882591033875254,0.04552038237395983,0.048503457699960784
2012-01-31,0.04637435948447144,-0.003299234182044586,0.0228810498070795,0.03688524590163933,0.11395480912860934,0.0526953474200742,0.10991049936639219,0.011389722080283438,0.05431479163591435,0.02144844261179557,0.01464787159407277,0.06379334368233813
2012-02-29,0.043405723067333035,-0.025970056768433558,-0.005780882782162711,0.05353934602946464,-0.029649780549572458,0.04833126393763565,0.05271936085354212,0.024708656730086043,0.021184362051520633,0.016328537272964017,0.021022611339329034,-0.011507443963072794
2012-03-31,0.03216337519177914,-0.04236017480776222,-0.008595098573583537,-0.017735334242837464,-0.013208340481005387,0.0042079820535190215,-0.0311302991106428,-0.0012110054026031047,-0.012729738745231312,-0.014211818115458463,-0.009530832016542812,0.05200184649138029
2012-04-30,-0.006675894692209194,0.04834259612546421,0.017847747320738794,-0.013541666666666785,-0.0014803247076431436,-0.020768760227192318,-0.01699666361722796,0.017872429272366652,-0.0019104658695912047,0.010822001249327862,0.011366308072894515,0.02859397951835807
2012-05-31,-0.06005547465414918,0.09025357009909518,0.01946292040600972,-0.11158042942625845,-0.06338034010471161,-0.11144176452307908,-0.10705823841172313,-0.027709321713546786,-0.06507170204022383,0.007571622008363699,-0.03220764783156216,-0.045059049546947505
2012-06-30,0.04058114205182539,-0.016782049434861945,-0.006688680815282733,0.020206022187004846,0.02354575543588111,0.0704329521652407,0.05035386618689319,0.040649365131509185,0.032753476282564975,0.008715739457936023,0.04656751900513867,0.05517042931392524
2012-07-31,0.011829315429146225,0.038172756428678456,0.017545819703760346,0.058252427184465994,0.008376847936764964,0.000800659609555332,-0.0002556433525854329,0.03742667363668417,0.004955437036822552,0.03482933686924694,0.010222946999045579,0.020021172904692852
2012-08-31,0.02505294570489336,-0.013188834445936659,-0.00247029446211533,0.05651376146788967,0.0493960985123536,0.032000081714009365,0.0040900603819247205,0.012334891537540749,0.00345171215005724,-0.0005372080270314994,0.012447202545878389,-0.0001493965358786431
2012-09-30,0.025351013104922826,-0.025327963587817415,0.005117970110179115,-0.003820771101076925,0.04670562728006078,0.027131767600729217,0.05218949705154974,0.01785566555442153,0.02113014326916174,0.011000245840521172,0.005204756786999054,-0.01863196800162048
2012-10-31,-0.018198305214475297,-0.0048404348594710545,0.006241701543017841,-0.03905160390516016,-0.02943741681634182,0.010943197478906486,-0.004355487181324835,0.006205551265900056,-0.01010597573471017,0.01346122774130043,0.008440860614518098,-0.009081230169478482
2012-11-30,0.005659630075999678,0.011592498819664065,0.005579988830230143,0.019593613933235776,-0.004675410721908357,0.027809005695827338,0.015552921663408936,0.012381679368759446,0.011667476071281158,-0.007234362059763244,0.004968524223638804,-0.0026405400950355595
2012-12-31,0.008934549277696213,-0.024876926232036634,-0.008217576665649262,-0.011387900355871894,-0.0242697904560758,0.043811663573312565,0.06803586881088597,0.007145060825439087,0.013455104172493515,-0.003305281649525371,0.014012343945925876,0.037227342642326855
2013-01-31,0.05118998992703738,-0.03185322980941341,-0.005189004777150785,0.02483801295896315,-0.005061148639644908,0.03728447475297081,-0.0029310878738866286,-0.028504240382063784,0.003793336508613132,-0.012975892009283951,0.0034284687046757245,0.03738602821628567
2013-02-28,0.012758794764111903,0.012386554558819318,0.0019044818957343335,-0.04706708816297833,-0.05086846838387382,-0.012885766849715874,-0.022840366393117595,0.002644837470252792,-0.00425140280402958,0.010759892675172189,0.009327070743659682,0.012159418731194416
2013-03-31,0.03797110668375092,-0.004194652470996374,0.002148601106437109,0.006634721710283786,0.009477104236876643,0.013053977358418178,-0.010182912444835601,-0.009363999029440628,-0.0009486265596539978,-0.00046693302639677636,0.008724127043771457,0.028721406124012416
2013-04-30,0.019212814170061154,0.04684991918338932,0.007921182398533455,-0.038081288905162936,-0.07562313309527169,0.050186490566733966,0.012158167083474947,0.03566996118011345,0.01234564139014327,0.021734737526667658,0.02117993268088081,0.06734725171621281
2013-05-31,0.023609222713834255,-0.06760979540274747,-0.04193268811502948,-0.015607156452226434,-0.06198785346133562,-0.03019040745849222,-0.04827895900764945,-0.04925357950213993,-0.042213980175421995,-0.032175789583729575,-0.025812128461251027,-0.059776771996334355
2013-06-30,-0.013344096215885948,-0.03271330304403208,-0.038020271072691236,-0.028228924980665426,-0.11058839427335088,-0.026779463388734492,-0.05325777040150015,-0.044408004446915283,-0.01811930875924639,-0.032675320579001244,-0.01688626995930287,-0.019819114623610745
2013-07-31,0.05167667800537723,-0.022579238176403393,0.009020261267250751,0.03183446080382013,0.07430105304988155,0.053228705456341174,0.01324664094951844,0.0015574919580483293,0.00847876401680403,0.011060374889646285,0.028540219306872894,0.009022312928693932
2013-08-31,-0.02999224760107566,-0.013404667411812676,-0.018262758826750547,0.028152718858465597,0.05204748421667471,-0.019552684988696,-0.025378021663353567,-0.024309039297822133,-0.028189904808560984,-0.009983193200477802,-0.012721304911903153,-0.06980083990265584
2013-09-30,0.03164640266443475,0.006518367856420237,0.017562393032650947,-0.033758439609902435,-0.047838379698351474,0.07824913403420308,0.0720673045302671,0.03149382490070285,0.024427250167864623,0.007418830339134264,0.007813875343687382,0.03481837109676955
2013-10-31,0.046306953162084774,0.014304694851308142,0.003438742806753492,-0.00038819875776441304,-0.00343263252576842,0.03260184904178165,0.04170792734908968,0.025367316082270053,0.015896854863569843,0.018080935636644924,0.025183113724351447,0.045207396628400565
2013-11-30,0.029637309519136013,-0.027032684112147654,-0.010567196805310819,-0.009320388349514097,-0.05511195422936588,0.0054643834791798795,-0.002591055379994267,-0.02022177541334902,-0.01662594994413291,-0.0013929412169192412,0.004731210707461964,-0.05251002294982854
2013-12-31,0.02592678003748894,-0.01869707932368503,-0.0145258357551874,0.005880047040376368,-0.0379452718927914,0.021761810814114213,-0.004065994621552993,0.00286207881989875,-0.0024863982110786553,0.002148427033149325,0.004066393394796419,0.0010184795021501714
2014-01-31,-0.03524861463742235,0.06302783474721463,0.021017926182719027,-0.030397505845674133,0.034188714238774454,-0.0520120790165165,-0.08636365752053776,-0.008136437838302757,-0.0284146433218313,0.018828347068566842,0.0039838879355840184,0.042751257271227194
2014-02-28,0.045516034492511626,0.005240192494291973,0.004367191813715587,0.05024115755627023,0.06270302804827121,0.061311231303271096,0.03377843111882228,0.03445134539700656,0.02052337927050929,0.011449723990889504,0.023085727975722836,0.050653441195267934
2014-03-31,0.008295090203638056,0.007321777930324513,-0.005324085950075941,-0.00038270187523925525,-0.031421423365686985,-0.004592114092681454,0.038753955827298237,0.011906140922597341,0.014580150718265017,-0.00029101743385917533,-0.000815961625296957,0.0049688202255322445
2014-04-30,0.006952202498244908,0.02095208759576561,0.013202731893693143,0.011102603369065989,0.0049348807324614,0.016666621445748264,0.007803109857908774,0.010589585298709236,0.001982196747749798,0.013293333998975143,0.004205240377635366,0.0328520769877505
2014-05-31,0.023205967022265517,0.029495104952451445,0.02001385139303946,-0.014388489208633004,-0.03051039187154414,0.015954556362932415,0.029518288023558048,0.03467853097320939,0.012858407139697325,0.015143144999754554,0.012063870164084722,0.023992408410096866
2014-06-30,0.020645068609737915,-0.0025127706341223632,0.003698011555438141,0.021129466000767927,0.0631901765479772,0.009207499039846745,0.024017846375082863,0.0004339567889841689,0.004394530933421903,6.763771004036911e-05,0.006118941928706656,0.011341217875137755
2014-07-31,-0.013437937884867024,0.006641923538347028,-0.0009218082777546766,-0.047404063205417346,-0.03631673024297122,-0.026034929301927523,0.013647867187952523,-0.002516912358976109,-0.0019445076212778467,-0.0031951591269708812,-0.02431847340945681,0.0008018534988860626
2014-08-31,0.039463759402370346,0.047238089931885385,0.006075142336345207,-0.01145339652448718,0.0038090706137285935,0.0018022086306606067,0.02829766037961945,0.012699587607063467,-0.017535311654074737,0.02004050669667201,0.023802418710211937,0.030440802218672625
2014-09-30,-0.013796479522207528,-0.021123848867475203,-0.025952430573531582,-0.07231322413104313,-0.061763293138879294,-0.03882470712927688,-0.07767425646451886,-0.021585344206492607,-0.023797715903794425,-0.016816249024071195,-0.01982691212140575,-0.06040602916288951
2014-10-31,0.023550853245777992,0.028185933542407726,0.009012919013923426,-0.038759689922480356,-0.030548106448076373,-0.002651383901131954,0.014196161980556177,0.01974173925803413,0.0005077970106739382,0.012342957625159912,0.010604842261495717,0.09937346695846339
2014-11-30,0.027472178602282016,0.029673913823519582,0.0015915940495130343,-0.08512544802867372,-0.004881972606777363,0.0006256310360945871,-0.01542091962908576,-0.004159967766790951,-0.027918704743571388,0.00911648829202516,-0.010811378604518751,0.020003065140203224
2014-12-31,-0.0025365180121754705,0.03251372601649671,-0.010512586704769844,-0.09647404505386858,0.013112132840068735,-0.03992799758232979,-0.03963533010148279,-0.027172449487618544,-0.029242776816289062,-0.00017137504000952486,-0.008030421741034854,0.01903914266077633
2015-01-31,-0.02962949188820385,0.09815665482847313,0.03231855908816739,-0.056910569105691144,0.08689905756357241,0.006245928340576912,-0.006872032735647293,0.018685758421959076,-0.016675549388508792,0.037517912895187244,0.007031950630334682,0.06851849641292529
2015-02-28,0.05620500005573814,-0.06138299131516045,-0.012885855974796634,0.04425287356321861,-0.05905219494812297,0.06337809482326118,0.04407992674966299,0.00959700531016594,0.003829300404049496,-0.01420454752438427,0.02231078369814332,-0.03674181817579969
2015-03-31,-0.015705769153271487,0.010922172988685253,-0.0048186991848176985,-0.06053935057787563,-0.021522037888980217,-0.014285721227168313,-0.014973339340185077,0.00023370559921853662,-0.008719444272084487,0.00195071306114869,-0.009477703168388363,0.017318774949780513
2015-04-30,0.00983399190151224,-0.03425177688281589,0.006778629050898877,0.07147041593438752,-0.0016716737223684275,0.03646566293907272,0.06852797324206295,0.012330996823396667,0.02968663619587475,-0.011870973048202615,0.008713319995863555,-0.05847459255213694
2015-05-31,0.012856003164112284,-0.023725009090206584,-0.010055878946805041,-0.03171131765992319,0.005552104050766671,0.0019545832524527906,-0.04104517892001769,-0.003091230190323313,-0.017618908758872287,-0.011203722219427115,0.0035542513664410524,-0.003023330243482336
2015-06-30,-0.020311915033681682,-0.04071920248446004,-0.010246300441466905,0.016374929418407236,-0.01516210123290651,-0.03118228493330366,-0.029308391380319265,-0.01814315258249599,-0.01195638094007867,-0.0188310328521043,-0.01887089850264856,-0.046686082653688676
2015-07-31,0.02258909041641033,0.04545942096102751,0.005354607294588698,-0.12611111111111062,-0.06620986259282247,0.020317978043206786,-0.06309933702847992,0.0014770539992392528,-0.03135306872389476,0.008319221098917806,-0.004920221155121474,0.05770520170574289
2015-08-31,-0.060949940775508527,-0.0068949787140184515,-0.009498282438868855,-0.002542911633820588,0.037072328012340616,-0.07425105484942585,-0.08836217260206247,-0.011267255382303554,-0.03293592836028569,-0.008274715834460378,-0.0152335578430276,-0.06291147662771479
2015-09-30,-0.025516039599437712,0.019669093429266482,-0.005230687062251049,-0.03441682600382412,-0.018011386601445634,-0.04418895645113019,-0.031324055212132884,-0.0106866021474874,-0.013505598001790853,0.011898425220025155,-0.02989844070263381,0.030597368350688825
2015-10-31,0.08505970950325059,-0.004088555699032104,0.0030012882572569843,0.0033003300330034513,0.022833636790845713,0.06612000235062188,0.06375854274666914,0.024255906097445656,0.026190428830877632,0.005736251621721644,0.03230714344260166,0.05758507801608914
2015-11-30,0.003655345521476727,-0.00867634805202766,-0.001442450344698365,-0.06644736842105303,-0.06752062833262507,-0.0075274275815785385,-0.025236507619014192,0.0030497988585038716,-0.019721490460685054,-0.001542226410518599,-0.02495947193690573,-0.006258259407226019
2015-12-31,-0.017282797364323033,-0.0029716371983563583,-0.010107527157330876,-0.05849189570119817,-0.004513334897338961,-0.02331862037858412,-0.03819844784659199,-0.015164458226991417,-0.005917202379923547,-0.010810177378196228,-0.01992280914598643,0.01830985172649746
2016-01-31,-0.04978685622827306,0.05573052155420566,0.01568156689715572,-0.04341317365269448,0.054109973519699484,-0.05517730974239732,-0.05032613750534698,0.0003782330236192788,-0.017261924442797505,0.0012279090953022376,-0.016008962148090333,-0.034366161154575914
2016-02-29,-0.0008256478719634863,0.03085950987613084,0.012208305180223533,-0.0023474178403756207,0.10930343875618376,-0.03334530699825755,-0.008178012096549336,0.017543109610033136,0.010902415104339758,0.010517420382473386,0.014968410139365007,-0.0036368003159804596
2016-03-31,0.06726600714658404,-0.0009332140803263167,0.01667230058840441,0.042352941176470704,-0.008428860461434318,0.06582144665688316,0.12961731566891155,0.0331355119940131,0.06291198682517307,0.03614604599834936,0.025469805692326597,0.1046540230825237
2016-04-30,0.003940880946682546,-0.007365609824575126,0.0020940442454877584,0.09706546275395,0.051088083708025867,0.02221833803212414,0.004087724939419113,0.01554392292471296,0.01409236181789053,0.015545569557859684,0.031225870068832817,-0.023508377937151437
2016-05-31,0.01701167848728935,0.00805490935227371,-0.006441702110302261,0.008916323731138709,-0.061382967032933,-0.0008557011864316344,-0.03692936467369057,-0.002157432505149548,-0.03946620537633927,-0.005124915431883981,0.0017015646018014863,0.02248579852147281
2016-06-30,0.0034759862213586956,0.06934184598189197,0.022488280929606752,0.043507817811013094,0.08969501879279096,-0.024194148389910963,0.04559104756488286,0.04173825582474522,0.034722087482386366,0.030943398681082757,0.017930551041684284,0.06928406826594147
2016-07-31,0.03647150319315373,0.021024062472488003,0.006387367621491169,-0.06970684039088015,0.01984656031160892,0.03977075453971102,0.0538415643914667,0.01368558547170573,0.0050335567354733435,0.012915986409760105,0.01313108324820944,0.042630201133498025
2016-08-31,0.0011973723462799235,-0.010133638571430126,-0.00342674312164315,0.007703081232492526,-0.03256316550912586,0.005341095564915133,0.00883754827250871,0.013230042409767995,-0.002782250762295657,0.0018028265912337638,0.019676752830299904,-0.03764178068619073
2016-09-30,5.8116635743399314e-05,-0.015084231083728694,0.007507548232387862,0.043085476025017,0.006892135107908537,0.013367684256164969,0.025184474477436547,0.0041269956620246795,0.015624914131944667,-0.0031557891744221633,0.010784515486216506,-0.01832580433457276
2016-10-31,-0.017337176731681003,-0.04380669965915651,-0.005408300870139882,-0.003331112591605123,-0.029449195846995235,-0.02215466738069327,-0.008277605100964425,-0.01728758795541885,-0.0043957456336957135,-0.0152863097830922,-0.009830920447143288,-0.05741300885680256
2016-11-30,0.03683848126521383,-0.08213715058195048,-0.02071468078696126,0.016711229946523964,-0.08356570639157324,-0.017813812210458524,-0.04415700552957913,-0.04312996956789228,-0.04359809150758487,-0.031675122169664616,0.00018702054356478648,-0.016756277706206246
2016-12-31,0.020271761813173805,-0.00462600501416488,-0.0004062049035291615,0.04142011834319481,-0.019149882681417707,0.027062684497055844,-0.0025271039386265404,0.01487405097546568,0.009232522061300985,0.008391713353420815,0.018389389599507977,0.048171111291980706
2017-01-31,0.017894597652452937,0.008142432335635386,0.008924679678868674,-0.005681818181818676,0.05419215772584551,0.03291183080893112,0.0665526998119037,0.01732868853862679,0.021726909109267778,0.0014508010670803984,0.009126873543788161,-0.0019388192317243425
2017-02-28,0.03929159096588575,0.015845825220601517,0.004116539014613618,-0.0019047619047621867,0.031847686784806095,0.011906788464982387,0.017407705336272228,0.0167629939654661,0.013430078044696758,0.013209956672177281,0.01531734159924758,0.035085632288595736
2017-03-31,0.001250092422764526,-0.00655100982060941,4.440892098500626e-16,-0.032442748091603524,-0.004277464747725057,0.03231684016831604,0.03685148380042991,0.005139211617029904,0.012700184986361274,-0.0029513505334574086,-0.0014332140623264378,-0.024236952293388292
2017-04-30,0.00992594566669025,0.01573180446714062,0.004498083455261925,-0.026955950032872877,0.01726748147982482,0.024241360943344503,0.017009647307589804,0.017103509289989605,0.002726120188089265,0.011888528601659232,0.008158131925394274,0.0024215622957963756
2017-05-31,0.01411299224226581,0.018878891026993028,-0.0004010640872637028,-0.014189189189188878,-0.0012419798017191397,0.03542329212236295,0.028457295212797717,0.007614462736787786,0.015769581257853993,0.013331425197740332,0.010313859832876249,-0.007246678518255667
2017-06-30,0.006375113695948231,0.00791877918565187,-0.008669760209873312,-0.009595613433859174,-0.021555347739281916,0.002960182531223543,0.009266546823800459,-0.007173507269934376,-0.0016059955905018963,0.00480225296799075,0.0013248312292031272,0.02232598252717022
2017-07-31,0.020554032761765262,-0.006583242497910757,0.0046139670357341345,0.04083044982698958,0.023131701699587115,0.026533930276962936,0.05822643982359965,0.01178670163133777,0.01715813603242977,0.007655007902400257,0.010191536029211523,0.012375351397391432
2017-08-31,0.002917451170289631,0.03408660758776105,0.010375429014018556,0.003989361702127381,0.04198757511241569,-0.0004482460207331229,0.023516102980041476,0.019891048342583817,0.008961478951426294,0.0067719555838221535,0.0006552344218988537,-0.002610961725400651
2017-09-30,0.020149579690806885,-0.023228553939495855,-0.0070202057470921675,0.01986754966887383,-0.03369891808976,0.023617372621968835,-0.00044633561197116034,-0.0018779279597248566,-0.008881884133713047,-0.000494796583815571,0.0060075272420638814,-0.001140339495248388
2017-10-31,0.023564278828968277,-0.00038572956218740906,0.0023602340330015625,0.03961038961038943,-0.007484813689786485,0.01679300419700791,0.032805168416211394,0.002433775596460519,-0.0073800346270510575,0.001926885426657865,0.0008477378393572099,-0.010711815273806935
2017-11-30,0.03056614843458938,0.007431700572676281,0.0008625286909806906,0.009369144284821607,0.003563440057185785,0.006893775538064695,-0.003889398057154936,-0.002719031540990069,0.0159320221186674,-0.0012331391009493542,-0.003677261534171472,0.02664248891660681
2017-12-31,0.012127469343955477,0.018126181716542122,0.009354794189069038,0.027846534653465094,0.021057003170010136,0.013488490824987709,0.03761598644953046,0.012450914448247863,0.01568228906979363,0.012204518846160362,0.002457523303760256,-0.0014740177256749032
2018-01-31,0.056359417907196896,-0.03255566302678392,-0.008502618775338866,0.029500301023480224,0.03234937283169237,0.05020627585548243,0.08297924868592754,-0.006372937751282226,0.02882125285500048,-0.012257420044487377,0.0004584298543932608,-0.042540740753372885
2018-02-28,-0.03636053973472486,-0.030414177486351,-0.010336643657582911,-0.0292397660818714,-0.020759902030566324,-0.048347864848179434,-0.05898489508702287,-0.021818794725626978,-0.00900450191883706,-0.022371388290212235,-0.008673093527195253,-0.07677735060439073
2018-03-31,-0.027410382390614885,0.02859663734756901,0.010096017839307247,0.022891566265060392,0.006320007324218224,-0.008396215904081239,0.005414467608708673,0.005528726555688479,0.004543383277780144,0.005567956100617888,-0.0023188139008533115,0.03890746588510363
2018-04-30,0.005168183209340205,-0.020881737500232922,-0.0013126068977461491,0.03415783274440565,-0.009539745360543472,0.015212380056899732,-0.02816900234169628,-0.020510067784338393,-0.022110621165196465,-0.015659515485039965,0.004795759893560625,0.008215217840448652
2018-05-31,0.024309144518652293,0.020044262213574804,0.003291596763917992,0.026765375854213902,-0.011959209467577558,-0.01894237977723101,-0.026214649391492206,-0.00810562805872772,-0.025180002972708726,0.005213299187336595,0.0005035766492922367,0.03679846561582534
2018-06-30,0.005750745886652364,0.006458234477314528,0.006473696055989686,-0.019412090959512462,-0.036149447631209086,-0.015841116481371986,-0.04545701047764761,-0.014931527330664052,-0.021085846551603282,-0.004872927567005525,0.0009883998193322974,0.04202214334656751
2018-07-31,0.03704661668617537,-0.014369404689385301,-0.005327200547739608,-0.024321266968325705,-0.022418909632539674,0.02852015776206529,0.03531044491702118,0.025731479560075154,0.012923950369227555,0.013439080531404635,0.01677689012688055,0.006015362230038956
2018-08-31,0.03191963430163125,0.013120624235977818,0.006446734751986094,0.0075362318840586084,-0.021381117106767822,-0.02235770937423598,-0.03767274479250915,-0.02319008121152577,-0.04678360612225596,0.00019934034414914592,0.007079292665249648,0.025750553065858828
2018-09-30,0.005945611876720269,-0.028642904763430344,-0.009703806704473017,0.03394706559263483,-0.006607347245926709,0.009652580867387961,-0.005791294366230493,0.02030616652760786,0.0161740302774529,-0.0014080436512635686,0.005243856713511796,-0.026643377340622054
2018-10-31,-0.06910418150849118,-0.029305621552183414,-0.015192559344662904,-0.056204785754034314,0.021195453568376044,-0.08133558736569202,-0.08760475195796535,-0.025153023408493014,-0.012074561785475613,-0.02049220744593394,-0.01976734177864581,-0.029251238181989936
2018-11-30,0.018549010218130713,0.01787256022459971,0.004791066152512347,-0.09846698113207608,0.003386881324190405,0.004963270492233551,0.04902963666734661,-0.004885547773899268,0.023333268991188483,-0.003585414119148145,-0.0039905262445461,0.04673119249966495
2018-12-31,-0.0880485240995017,0.058534849873673744,0.0053135860516879685,-0.05232177894048351,0.04942010593064872,-0.05349766747653595,-0.03488866267463753,0.019076156358958096,0.0011286874948526204,0.01859498001831783,-0.0208879429665374,-0.07951886791343976
2019-01-31,0.08006603137671608,0.003785584377464346,0.014244991421728193,0.07108350586611434,0.02886597938144364,0.06634921672398608,0.10343036275074602,0.04783018845786535,0.03314908507713943,0.033682155119075574,0.04944513899313163,0.11854615193269291
2019-02-28,0.03241561857668862,-0.013763717522171093,-0.001710445885245604,0.028350515463917425,-0.006092201492829297,0.025366819241357197,-0.015313311783123562,0.00398745424393443,-0.0064172355381918456,-0.0020385442175973045,0.012145766329263452,0.006953842008676103
2019-03-31,0.01810076902058344,0.05571663163953278,0.019750828974785195,-0.003759398496240629,-0.01596899557748588,0.00918011585862688,0.011310065478621123,0.015056680035511416,-0.011840644993772909,0.02929004160802573,0.012908086111786288,0.04216472547206673
2019-04-30,0.040852023584717845,-0.019910886163977515,0.0022113284854627935,0.011949685534590415,-0.006638842503124187,0.029293828979490177,0.02353238290851012,0.0017712105762801578,0.0010893850617719192,0.004363620785321265,0.009862481190304528,-0.0016114989012557812
2019-05-31,-0.06377129384879354,0.0683918591194892,0.017521753775875837,-0.05966438781852068,0.017574298155486945,-0.05032951249560236,-0.07329856705964188,0.00492802646414936,-0.007617042614335712,0.01650538579487537,-0.019336497953310827,0.0013830882647283271
2019-06-30,0.06958665032271161,0.009501574493071097,0.007493699979424839,0.03965631196298758,0.08002914919848969,0.059116406974955016,0.06207758168022193,0.03526348015808467,0.03179822393813203,0.032467742590158055,0.03154503234870809,0.015543578524687351
2019-07-31,0.015119444784226,0.002564854174835318,0.0031512879230264357,-0.011443102352193146,7.514839229938453e-05,-0.01947368791146087,-0.02656744858533744,0.0073366465442170625,-0.0037194230496891967,0.002540208703378566,0.001566935704699679,0.017047736006879255
2019-08-31,-0.01674323178658199,0.11049092812660977,0.023310639390512478,-0.046302250803858414,0.07912313456129949,-0.01923959442567935,-0.03782606185768567,0.01552405322951178,-0.03253328507889408,0.03886047989419961,0.006896921232081521,0.03746216066590158
2019-09-30,0.01945764389947935,-0.026798507256329707,-0.01106372995357574,0.01416048550235982,-0.03394786005434791,0.031640502643234036,0.01691962779521372,-0.010969599657019269,0.010474072387023137,-0.007559666977522528,0.004390084444316544,0.019270709344896275
2019-10-31,0.022104776348947697,-0.011132172954003483,-0.00029286324927679797,0.01928191489361697,0.02563546974700759,0.03389051286756373,0.041840056791666136,0.005755079329022639,0.015821106279382713,0.004451921949965465,-0.00011531818918997239,0.011260131727400813
2019-11-30,0.03619855934387606,-0.004071558465869041,0.002929975715640243,-0.0013046314416175209,-0.03208588289288572,0.01127256913255259,-0.0009396359652936725,-0.009494434814861785,-0.010741267120950582,0.0047501732571120225,0.005679387515760581,-0.013043384022400906
2019-12-31,0.029055108963313314,-0.03197475075701506,0.0034668126218784234,0.04180274330502898,0.03655877893383952,0.029954088737516038,0.07730277452804257,0.02945818815877721,0.02963786852909811,0.005273463518592925,0.019112957052973556,0.007689921613931006
2020-01-31,-0.0004036373091658163,0.07691176480526707,0.021360524755005716,-0.08589341692789976,0.04499655849690365,-0.028225708911188696,-0.06151097186588561,0.012394888822957695,-0.020956592557758835,0.024460748546084154,-0.004662239554867886,0.01228570609259183
2020-02-29,-0.07916597486149046,0.06626462473646044,0.009223513037917241,-0.06652949245541828,-0.006361728631846031,-0.07765269838505884,-0.037758318356928555,-0.012538200211762995,-0.026893536698123444,0.010913610766653203,-0.012895158716635713,-0.07026514090194425
2020-03-31,-0.1248711768411479,0.06376690506467164,-0.017578770501178398,-0.1734019103600294,-0.002224031676742788,-0.14106688235593556,-0.15769975961806004,-0.14971816298777707,-0.06768180752655206,-0.06311865271837425,-0.10028036689827169,-0.19391825145020358
2020-04-30,0.12698333894771063,0.012189524482510539,0.03028621063061232,-0.031111111111110756,0.07261060302877409,0.05817434840408309,0.07354223901045409,0.04392931338259687,0.009074486216973598,0.048457574177755536,0.04883615940538877,0.0896203697009399
2020-05-31,0.04764552300770708,-0.01761888285617308,0.0065116290534377175,0.08073394495412844,0.02588161543682088,0.05426902975450809,0.02974885360749302,0.06271519273597459,0.028177415210212553,0.02460240329191632,0.029465312935504917,0.017343794495495946
2020-06-30,0.017734314279274077,0.0033662805960126274,0.009852108174825291,0.0449915110356538,0.027377026301764307,0.03511188642492491,0.06604928980803892,0.029761333969747117,0.002332401698294184,0.0212760130534162,-0.005835034147204987,0.024249188676525035
2020-07-31,0.058892233619963985,0.044350706915120996,0.02325186971641391,0.05117790414297341,0.1079046309701368,0.019385590994884128,0.08252058985400046,0.03856806094550924,0.015125177700302306,0.03100085187910917,0.050604615966990396,0.036418903921583645
2020-08-31,0.06979669475785233,-0.05046496962611946,0.008899080652737146,0.046367851622874934,-0.003235673129618921,0.047220049610046555,0.028874906310253357,0.0072546846665320075,0.004011392442478945,-0.01778264286927944,-0.00022270130515289477,0.00442315280107719
2020-09-30,-0.03744360655341705,0.007734042267635743,-0.0037801985162108087,-0.035450516986706204,-0.04171404337762541,-0.020467876814323493,-0.010103145115597845,-0.020809141019062616,-0.011986278872178513,-0.004397634065268052,-0.0093170255787407,-0.02664311558936716
2020-10-31,-0.024933660529949053,-0.033852477911041845,-0.006765347667158528,-0.031393568147013884,-0.005194208414113333,-0.035506726217513274,0.014061869308912511,-0.004558752027587376,0.003465986841218349,-0.005103523966284995,0.004034225896820454,-0.030015090668862765
2020-11-30,0.10877682862787341,0.01663949724137792,0.01207262477988369,0.10197628458498031,-0.054086259616089816,0.14269437219355008,0.08991305818533069,0.0421955952235582,0.043177890375722505,0.037715291891229796,0.03351277425940569,0.09674892775689914
2020-12-31,0.0370483956002583,-0.012276129698843397,0.010975674656168,0.05451936872309915,0.07013861264675025,0.05015398137728022,0.07129455063221868,0.02155556912097989,0.026382545259500345,0.0015063208097403358,0.019578878335741345,0.02734061862459347
2021-01-31,-0.010190360551990074,-0.03632826884579965,0.002663482919746718,0.03333333333333299,-0.03223816988295236,-0.0078124959152513496,0.03173983359404664,-0.017772688851686147,-0.012986971313418971,-0.018316106951127287,-0.003779985505902972,0.0003532002941912804
2021-02-28,0.027805541425885982,-0.05732959634468415,-0.016876222570136656,0.10138248847926223,-0.06256881416817595,0.02237881972981004,0.007878399319066087,-0.03047373828263389,-0.008223628447024622,-0.022632977775400298,-0.002446110595816453,0.03425128250800569
2021-03-31,0.045399247583268076,-0.0524525603433289,-0.0026227138968967223,-0.0071727435744175505,-0.011433105943015942,0.02513174647567018,-0.007258532587398392,-0.007288085331627503,-0.011055912459314143,-0.01477996065817233,0.012155430250088362,0.051520273393623306
2021-04-30,0.05291042093586462,0.02495085011721132,0.014297143344310426,0.07826610475617102,0.03563388790323185,0.04257276407815325,0.011998630423050383,0.024030177906917638,0.012297510736645423,0.010431478556947926,0.006376043637425832,0.078598099287986
2021-05-31,0.0065660948777943595,2.204307112374515e-05,0.010239446101705463,0.038525963149078635,0.07678377966625982,,0.016487360140328144,0.009636407080703568,0.015460902305406199,0.006226533333670847,0.00039019169183029945,0.008074231016856448
2021-06-30,0.022427588931205555,0.044190974883900225,0.007246596381243364,0.034946236559139754,-0.07147662098325491,,0.009504255680139906,0.008588905028010796,-0.00978795452341652,0.02211430849589946,0.013246671431558443,0.026375425286370824
2021-07-31,0.024412288606151966,0.03716628006894207,0.026757950134885577,0.012987012987013102,0.02529736350832512,,-0.06436995412353541,0.0055797318952026664,-0.011532001431905248,0.014189980251925638,0.001048450019296876,0.04420848935892674
2021-08-31,0.02975994373227553,-0.00340163012935335,-0.0016409328075630558,-0.01641025641025673,-0.0007655451490135023,,0.015697538519344523,0.008989651108976426,0.009999790567982059,-0.0034395139418933462,0.0060877260991683,0.021545015557869585
2021-09-30,-0.04660546436075996,-0.02907021026052914,-0.007801299442822263,0.05213764337851923,-0.03223525924924164,,-0.03873291965374559,-0.026383698767155073,-0.02200201580397776,-0.015073977046642706,-0.003701003998942576,-0.056814722047239474
2021-10-31,0.07016351857350811,0.02465017634091904,0.011095583096314865,0.05797819623389455,0.014797178527087729,,0.01071839095911331,0.0015964259062408725,-0.0005623385182588203,0.005309367643764107,-0.003107781876048765,0.07133039171334876
2021-11-30,-0.00803502228335684,0.027714802869333255,0.00865060871179657,-0.08758782201405146,-0.006900653696985559,,-0.040848237250671326,-0.018827168118419668,-0.03545315948436445,-0.0011856068395456054,-0.01169031873870563,-0.02109342872028619
2021-12-31,0.04624793787584647,-0.02013791635133244,0.004029360023328765,0.0667351129363456,0.03299097712306431,,0.015070715686833935,0.02162361950647651,0.007001206150099026,-0.00034152136447673787,0.022841261278557123,0.0970561811866475
2022-01-31,-0.05274121938571974,-0.039138988186349866,-0.0205882223789019,0.07892204042348405,-0.016787612677039987,,-0.00020470276653883346,-0.03374266694137418,0.011008228824210597,-0.035919343315987895,-0.026548881171445604,-0.08421693985636636
2022-02-28,-0.02951705800352289,-0.01632966428593874,0.008556441938053716,0.06467439785905382,0.061217257237826006,,-0.04320230430676042,-0.05530288190788657,-0.025214996841730897,-0.02131451932394779,-0.00859053373378238,-0.034826683260104296
2022-03-31,0.03759051271437741,-0.05444404967182592,-0.01875497724662467,0.0917469627147045,0.012725579950303878,,-0.03381122275280746,-0.010963555250292578,0.044679703221836675,-0.028937447523880944,-0.012871221359303964,0.06263909358044883
2022-04-30,-0.08776914951026393,-0.09423869759401449,-0.021830492694924875,0.05640828856485025,-0.020702963524693585,,-0.06135103192356883,-0.06672453798487665,-0.041080602552053036,-0.06699251786891813,-0.04180321395796127,-0.04087845307985272
2022-05-31,0.00225714673358568,-0.022533236503474274,-0.009922523367462244,0.04613149291681817,-0.03261547766106787,,0.006134803463901495,0.008109116818783013,0.008803005957825905,0.018638649115356065,0.01629953485925051,-0.04685403306434344
2022-06-30,-0.08246023099189603,-0.012745284651585975,-0.031155127891485335,-0.07500000000000007,-0.015659651077124748,,-0.05157669867792136,-0.061542532449446075,-0.03374067788006874,-0.036227943818045505,-0.07049865320960713,-0.07448880498313226
2022-07-31,0.09208710824286914,0.02430985235531935,0.043098660234480723,-0.01989489489489471,-0.025881517491312178,,-0.0034910057199770694,0.036030521134772675,-0.007224603548262598,0.04444419441687386,0.06698904475691259,0.08615964066217852
2022-08-31,-0.040801794139416314,-0.045530729647706436,-0.027042561487439998,-0.014936805821523791,-0.02943328245830723,,-0.013263340634373066,-0.027081903420451026,-0.004245015309796485,-0.044291310615813595,-0.04308910473377414,-0.060125390809948276
2022-09-30,-0.09244589359731203,-0.08235117434757633,-0.06732332365549265,-0.07037325038880193,-0.028881810636775418,,-0.11539433100576268,-0.0657516498643671,-0.03349572563420611,-0.05979860402375414,-0.03740332547540859,-0.1287129690664811
2022-10-31,0.08127548765801551,-0.059644098448295546,0.014204108451594033,0.050606440819741305,-0.017844407703562992,,-0.019782298864959857,-0.00163629797432574,0.0037807061014620835,-0.007452483414022271,0.033657337872958326,0.03505041213478677
2022-11-30,0.0555916290991203,0.0715104243712481,0.01832857797252707,0.014729299363056336,0.08491865963730483,,0.15589360903137717,0.1007617441586679,0.04959190467352648,0.06647680471045314,0.034313327625206336,0.061460664254159525
2022-12-31,-0.05762816004025473,-0.02620032537295225,-0.013173468130175947,-0.032954099646919865,0.02930648566594063,,-0.026374941410027164,-0.013583387804706137,0.015212498975590405,-0.015511319570114424,-0.0175696660856548,-0.05034341674723042
2023-01-31,0.06288725820423458,0.07643632536814637,0.02076291442641942,0.006490872210952681,0.057592574319810685,,0.09129283728778281,0.039247017435042775,0.03444170572261718,0.05159837107618226,0.03666965048934889,0.10402524161047633
2023-02-28,-0.025142676568771116,-0.04850544166085158,-0.013529719830769893,,-0.053675963916422265,,-0.07567697253319472,-0.026920445153702177,-0.02238800029477972,-0.041691115838259685,-0.018851064848195098,-0.05864273928772146
2023-03-31,0.03707790578392678,0.048393268505468434,0.028643487505984888,,0.07916128247166165,,0.03217366151946632,0.016718437599953395,0.027598418544759307,0.03848498377284759,0.019843260783029892,-0.021554433192054967
2023-04-30,0.01597490885502051,0.003383516339859005,0.0005175464087376902,,0.008623522653246951,,-0.00836287572334693,0.0026958147711333424,0.0,0.006040104439074989,0.0020209057155213817,0.0031311383556984484
2023-05-31,0.004616130726194934,-0.030153124559974653,-0.011960570007162663,,-0.013419890078921526,,-0.024022411993298354,-0.011888212960819544,-0.014857221686577882,-0.017689187647355387,-0.01231449593657763,-0.03961604357585913
2023-06-30,0.06479981580356386,0.0021713608657740746,-0.0033983928871191837,,-0.022213706061099958,,0.04398849801748472,0.025023367986928724,0.022621870645899156,0.008101019970517154,0.017801807813326853,0.056294462680713586
2023-07-31,0.03273330984760103,-0.02544278742748185,0.0004109112965735573,,0.02288664235862692,,0.06041452367000133,0.009355683020548788,0.02041965532602874,0.0005379455071119477,0.01115599864378125,0.020344720213594014
2023-08-31,-0.016252068676622322,-0.03142052413446139,-0.00812637448794118,,-0.012777635059315617,,-0.06626941906570338,,-0.01945522337943706,-0.012290496453809863,0.001836672046757526,-0.03377908748095748
2023-09-30,-0.04743448518284943,-0.07951137959734333,-0.019168352470690597,,-0.04760586113112242,,-0.031146289780222935,,-0.013605387078657993,-0.03557274069677485,-0.016135233881980016,-0.07263737677041449
2023-10-31,-0.021708490227539845,-0.054631897716557076,-0.007233315202276547,,0.07372411557093361,,-0.03293806398136845,,0.004022921675621127,-0.02411883723813779,-0.01043170387209702,-0.03621492253515146
2023-11-30,0.09134375414821383,0.0992388603298775,0.02776806633111928,,0.025313725649469987,,0.07792924200628781,,0.028620456852831655,0.07574426807138512,0.04887676880013436,0.1208176000525607
2023-12-31,0.04565525032007667,0.08685760432930212,0.02435816179615813,,0.01282118235202856,,0.035653260834026756,,0.022382506776218003,0.0487526237231406,0.031925461046015347,0.09445322185760663
2024-01-31,0.015926545158644778,-0.02245156828231476,0.003349101239873864,,-0.014228180398366819,,-0.04526247895768054,,-0.0183231346901358,-0.0044279156724793545,0.0011630711379302383,-0.05058849899117013
2024-02-29,0.05218690644115376,-0.022521814131742146,-0.01047740862028812,,0.00456354801951897,,0.04167766754012314,,0.0,-0.01932017115691942,0.003034943570594084,0.01978789630145905
2024-03-31,0.03270191886315854,0.007828552133389621,0.006465551583050511,,0.08668323846462611,,0.02725678462612069,,0.003959264750579505,0.015409919739269418,0.010898769865771651,0.019510287156435213
2024-04-30,-0.04031967945514847,-0.06455419090250036,-0.01690823168136657,,0.029894973070150987,,-0.002190925936472965,,-0.0045070129009342486,-0.03243040665557262,-0.013512893261355519,-0.0794403250383815
2024-05-31,0.05057958576521049,0.02886943061474212,0.017770515599172088,,0.016189210429127687,,0.019517023700577063,,0.01414816678093711,0.0221373068920514,0.016339307781161327,0.045597314420791735
2024-06-30,0.03528004842649346,0.018171399645844577,0.007615218169527926,,-0.0013469974027461307,,0.026180251172793323,,-0.011160699918624783,0.005963273163327898,0.004793427651200943,0.018756124234535543
2024-07-31,0.012109172696890935,0.036299233127455865,0.01727421395716,,0.05367196334938251,,0.008452680789958755,,0.014108362836420252,0.026380695791662134,0.023522701410459312,0.07939341030953417
2024-08-31,0.023365551044724375,0.021112514596343335,0.007990281432535884,,0.020922490269364324,,0.009778758656168396,,0.019476966356268832,0.0187051611672695,0.015473771988804508,0.05220636727603112
2024-09-30,0.021004774138063897,0.019994187025035526,0.014976063909696746,,0.0508885149125331,,0.057412976991769504,,0.02237986510313461,0.019629089322800386,0.01697095004777549,0.03269680093167748
2024-10-31,-0.008923558620234417,-0.05454882268269612,-0.01846884956966699,,0.04299348742370923,,-0.030745700342131976,,-0.02616127546650937,-0.031793696304971863,-0.009635916286957369,-0.03356599920792713
2024-11-30,0.05963352184722459,0.01987239869935431,0.004980578904637101,,-0.03124136460320781,,-0.026771709202930483,,-0.008223645394179302,0.01790875337473108,0.016445444839345402,0.04259167344567327
2024-12-31,-0.024060285058999376,-0.06381030858656789,-0.017143867747410058,,-0.014088486936242206,,-0.01696679461592676,,-0.014321907671862588,-0.02675777906794108,-0.0078027947738043,-0.08372180212809677
2025-01-31,0.02685641090642732,0.004924083395231982,0.013702319426418752,,0.06785607873643351,,0.021520840087196236,,0.019503559411721216,0.005803000189854801,0.013604729899826529,0.01650199786075568
2025-02-28,-0.012694838336050007,0.056970695299706664,0.021571876352971975,,0.018216241876358952,,0.039559891816903114,,0.007536226629511367,0.023713235846420933,0.009702638736167168,0.03699612720593359
2025-03-31,-0.05571909772666939,-0.012046863546658404,0.0067973249823543025,,0.09446585889998316,,,,0.011507497849323256,-0.004624717696314118,-0.01085826704061943,-0.025877893894489246
2025-04-30,-0.008670229175496424,-0.013604594580953533,0.0012592875656658453,,0.054244372772399574,,,,0.02616621609557712,-0.002706121447068832,0.0011718320998561627,-0.024409104975535834
2025-05-31,0.06284501787581398,-0.03210604475083345,-0.0063191165575327,,-0.0005595776946508701,,,,0.01662957302424206,0.0020642020270378314,0.017532271811650846,0.011208040684077769
2025-06-30,0.05138607837967557,0.026640256198852352,0.009383954835390007,,0.004051318985581975,,,,0.019629277799529277,0.02082439891758825,0.018385362889377532,0.006884808153914568
2025-07-31,0.023031507308652444,-0.01139653636367799,9.116438722700515e-05,,-0.006134551059806315,,,,-0.017647069889905165,-0.0008973625748724956,0.0013576820570235792,0.0008982902407173032
2025-08-31,0.02051959125720848,0.0001270413618539301,0.016123372672936842,,0.049874624687468616,,,,0.01741977519521032,0.010435577397482687,0.011053472143651488,0.03477671339123911
2025-09-30,0.035620369521828676,0.03590966800778084,0.004216632378958973,,0.11758415768627173,,,,0.006955481114458095,0.018772314911713606,0.008859688913120722,0.0005763974444334963
2025-10-31,0.023837458474752715,0.013810993562437535,0.0032246566766791496,,0.035586670754335525,,,,0.010095715881433875,0.0014947736667751954,-0.00011149652765884976,-0.02450218603541865
2025-11-30,0.0019499283249211352,0.002723221953172761,0.0021708377401106205,,0.05367817567023092,,,,0.005260345732149396,0.009311695533645414,0.007463628104971365,0.024220564746015416
2025-12-31,0.008267708283133057,-0.026585991727159586,-0.006190594253725812,,0.028385092366262077,,,,0.013431669903961163,-0.007374680680024448,0.00592286450296875,-0.022362616322432416
2026-01-31,,-0.0003443134509278911,0.005186058373508162,,,,,,0.019047651725802472,0.003448516829672732,,0.026104742780600043
2026-02-28,,0.04633753189206136,0.012671921197914271,,,,,,0.010903379126535384,0.013779737448530005,,0.053854631059392366
2026-03-31,,-0.04230048025397415,-0.013585955312668374,,,,,,-0.02516691260395021,-0.020728408272283394,,-0.06313939296458826
2026-04-30,,0.0009844123373790037,0.010148629398222031,,,,,,0.03055847933059086,0.013782449651119189,,0.08996621906977076
